{
  "answer_relevancy": 0.33864798777010163,
  "faithfulness": 0.5833333333333334,
  "context_precision": 0.334761904750844,
  "context_recall": 0.6
}